{
  "offset_encodeur": 90.20698817272438,
  "offset_azimut": 0.0,
  "derniere_sync": "2025-10-26T19:06:52.025521"
}